{"cameraMode":{"drawMode":0,"name":"Shaded","section":"Shading Mode"},"sceneLighting":false,"audioPlay":false,"sceneViewState":{"showFog":true,"showMaterialUpdate":false,"showSkybox":true,"showFlares":true,"showImageEffects":true,"showParticleSystems":true,"showVisualEffectGraphs":true,"m_FxEnabled":true},"in2DMode":false,"pivot":{"x":2.513317108154297,"y":0.2717808783054352,"z":0.6150620579719544},"rotation":{"x":-0.0011202300665900112,"y":0.9896610975265503,"z":-0.14350302517414094,"w":-0.007420563139021397},"size":0.399996817111969,"orthographic":false}